strategy,administrative_cost_ca,rows,frauds,cost_total_proxy,administrative_cost_total,missed_fraud_amount,cost_per_transaction_proxy,approve_all_cost,intervene_all_cost,reference_cost,savings_vs_reference,savings_fraction_vs_reference,fixed_baseline_cost_proxy,savings_vs_fixed_proxy,savings_fraction_vs_fixed_proxy,frauds_blocked,frauds_missed,fraud_recall,legitimate_block_count,legitimate_block_rate,policy_block_count,amount_weighted_recall,role,scenario_group
fixed_0_5,1.0,42047,1517,200631.515,563.0,200068.515,4.771601184388898,254536.81199999998,42047.0,42047.0,-158584.515,-3.7716011843888984,200631.515,0.0,0.0,423,1094,0.27883981542518127,140,0.0034542314335060447,563,0.21398986092432085,DIAGNOSTICO_CALIBRADORES_NO_COMPARACION_FINAL_TRES_POLITICAS,inspirado_en_literatura
bmr_raw,1.0,42047,1517,25225.644,17244.0,7981.644,0.5999392108830595,254536.81199999998,42047.0,42047.0,16821.356,0.40006078911694054,200631.515,175405.871,0.8742687857388706,1320,197,0.8701384311140409,15924,0.3928941524796447,17244,0.9686424767510642,DIAGNOSTICO_CALIBRADORES_NO_COMPARACION_FINAL_TRES_POLITICAS,inspirado_en_literatura
bmr_platt,1.0,42047,1517,24960.248999999996,16150.0,8810.249,0.5936273455894593,254536.81199999998,42047.0,42047.0,17086.751000000004,0.4063726544105407,200631.515,175671.266,0.8755915839044529,1308,209,0.8622280817402769,14842,0.36619787811497656,16150,0.9653871322942476,DIAGNOSTICO_CALIBRADORES_NO_COMPARACION_FINAL_TRES_POLITICAS,inspirado_en_literatura
bmr_isotonic,1.0,42047,1517,24790.922,14751.0,10039.922,0.5896002568554236,254536.81199999998,42047.0,42047.0,17256.078,0.4103997431445764,200631.515,175840.59300000002,0.876435554005561,1299,218,0.8562953197099539,13452,0.3319022945965951,14751,0.9605561100529538,DIAGNOSTICO_CALIBRADORES_NO_COMPARACION_FINAL_TRES_POLITICAS,inspirado_en_literatura
fixed_0_5,2.5,42047,1517,201476.015,1407.5,200068.515,4.791685851547078,254536.81199999998,105117.5,105117.5,-96358.51500000001,-0.9166743406188314,201476.015,0.0,0.0,423,1094,0.27883981542518127,140,0.0034542314335060447,563,0.21398986092432085,DIAGNOSTICO_CALIBRADORES_NO_COMPARACION_FINAL_TRES_POLITICAS,inspirado_en_literatura
bmr_raw,2.5,42047,1517,45376.757,24652.5,20724.256999999998,1.0791913097248318,254536.81199999998,105117.5,105117.5,59740.743,0.5683234761100673,201476.015,156099.25800000003,0.7747783675391833,1152,365,0.7593935398813447,8709,0.2148778682457439,9861,0.9185805116471719,DIAGNOSTICO_CALIBRADORES_NO_COMPARACION_FINAL_TRES_POLITICAS,inspirado_en_literatura
bmr_platt,2.5,42047,1517,45491.136,22995.0,22496.136,1.081911575142103,254536.81199999998,105117.5,105117.5,59626.364,0.5672353699431589,201476.015,155984.87900000002,0.7742106622468188,1136,381,0.7488464073829928,8062,0.19891438440661238,9198,0.9116193220806112,DIAGNOSTICO_CALIBRADORES_NO_COMPARACION_FINAL_TRES_POLITICAS,inspirado_en_literatura
bmr_isotonic,2.5,42047,1517,44523.25200000001,22677.5,21845.752,1.0588924774656934,254536.81199999998,105117.5,105117.5,60594.24799999999,0.5764430090137227,201476.015,156952.763,0.7790146286147261,1154,363,0.7607119314436388,7917,0.19533678756476683,9071,0.9141744888358232,DIAGNOSTICO_CALIBRADORES_NO_COMPARACION_FINAL_TRES_POLITICAS,inspirado_en_literatura
fixed_0_5,5.0,42047,1517,202883.515,2815.0,200068.515,4.825160296810712,254536.81199999998,210235.0,210235.0,7351.484999999986,0.034967940637857575,202883.515,0.0,0.0,423,1094,0.27883981542518127,140,0.0034542314335060447,563,0.21398986092432085,DIAGNOSTICO_CALIBRADORES_NO_COMPARACION_FINAL_TRES_POLITICAS,inspirado_en_literatura
bmr_raw,5.0,42047,1517,65684.903,31410.0,34274.903000000006,1.5621781102100032,254536.81199999998,210235.0,210235.0,144550.097,0.6875643779579994,202883.515,137198.61200000002,0.6762432719090066,997,520,0.6572181938035596,5285,0.1303972366148532,6282,0.865344023402006,DIAGNOSTICO_CALIBRADORES_NO_COMPARACION_FINAL_TRES_POLITICAS,inspirado_en_literatura
bmr_platt,5.0,42047,1517,65114.850999999995,29205.0,35909.850999999995,1.5486206150260422,254536.81199999998,210235.0,210235.0,145120.149,0.6902758769947916,202883.515,137768.66400000002,0.6790530221245428,987,530,0.6506262359920897,4854,0.11976313841598815,5841,0.8589207953150605,DIAGNOSTICO_CALIBRADORES_NO_COMPARACION_FINAL_TRES_POLITICAS,inspirado_en_literatura
bmr_isotonic,5.0,42047,1517,64483.04400000001,29720.0,34763.044,1.533594406259662,254536.81199999998,210235.0,210235.0,145751.956,0.6932811187480676,202883.515,138400.47100000002,0.6821671588251021,1002,515,0.6605141727092947,4942,0.12193436960276338,5944,0.8634262615027959,DIAGNOSTICO_CALIBRADORES_NO_COMPARACION_FINAL_TRES_POLITICAS,inspirado_en_literatura
fixed_0_5,10.0,42047,1517,205698.515,5630.0,200068.515,4.892109187337979,254536.81199999998,420470.0,254536.81199999998,48838.29699999996,0.1918712527915214,205698.515,0.0,0.0,423,1094,0.27883981542518127,140,0.0034542314335060447,563,0.21398986092432085,DIAGNOSTICO_CALIBRADORES_NO_COMPARACION_FINAL_TRES_POLITICAS,inspirado_en_literatura
bmr_raw,10.0,42047,1517,88354.988,37640.0,50714.988,2.10133869241563,254536.81199999998,420470.0,254536.81199999998,166181.82399999996,0.6528793328330049,205698.515,117343.52700000002,0.5704636564828871,831,686,0.5477916941331575,2933,0.07236614853195164,3764,0.8007557822323947,DIAGNOSTICO_CALIBRADORES_NO_COMPARACION_FINAL_TRES_POLITICAS,inspirado_en_literatura
bmr_platt,10.0,42047,1517,88400.08499999999,35220.0,53180.08500000001,2.1024112302899134,254536.81199999998,420470.0,254536.81199999998,166136.72699999998,0.6527021600317678,205698.515,117298.43000000002,0.5702444181475983,815,702,0.5372445616348055,2707,0.06679003207500617,3522,0.7910711437683915,DIAGNOSTICO_CALIBRADORES_NO_COMPARACION_FINAL_TRES_POLITICAS,inspirado_en_literatura
bmr_isotonic,10.0,42047,1517,88243.252,36740.0,51503.252,2.0986812852284347,254536.81199999998,420470.0,254536.81199999998,166293.56,0.653318310594697,205698.515,117455.26300000002,0.5710068592376567,828,689,0.5458141067897165,2846,0.07021959042684431,3674,0.7976589256566945,DIAGNOSTICO_CALIBRADORES_NO_COMPARACION_FINAL_TRES_POLITICAS,inspirado_en_literatura
fixed_0_5,20.0,42047,1517,211328.515,11260.0,200068.515,5.0260069683925135,254536.81199999998,840940.0,254536.81199999998,43208.29699999996,0.1697526446587222,211328.515,0.0,0.0,423,1094,0.27883981542518127,140,0.0034542314335060447,563,0.21398986092432085,DIAGNOSTICO_CALIBRADORES_NO_COMPARACION_FINAL_TRES_POLITICAS,sensibilidad_ampliada
bmr_raw,20.0,42047,1517,118750.707,41380.0,77370.707,2.8242373296549097,254536.81199999998,840940.0,254536.81199999998,135786.10499999998,0.533463525110859,211328.515,92577.80800000002,0.4380753255186599,611,906,0.4027686222808174,1458,0.03597335307179867,2069,0.6960333305345241,DIAGNOSTICO_CALIBRADORES_NO_COMPARACION_FINAL_TRES_POLITICAS,sensibilidad_ampliada
bmr_platt,20.0,42047,1517,118762.06999999999,38860.0,79902.06999999999,2.8245075748567077,254536.81199999998,840940.0,254536.81199999998,135774.74199999997,0.533418883237997,211328.515,92566.44500000002,0.4380215561539341,604,913,0.3981542518127884,1339,0.03303725635331853,1943,0.6860883525169634,DIAGNOSTICO_CALIBRADORES_NO_COMPARACION_FINAL_TRES_POLITICAS,sensibilidad_ampliada
bmr_isotonic,20.0,42047,1517,118702.744,40400.0,78302.744,2.8230966299617095,254536.81199999998,840940.0,254536.81199999998,135834.06799999997,0.5336519575801082,211328.515,92625.77100000001,0.43830228495193846,607,910,0.4001318391562294,1413,0.03486306439674315,2020,0.692371632280835,DIAGNOSTICO_CALIBRADORES_NO_COMPARACION_FINAL_TRES_POLITICAS,sensibilidad_ampliada
fixed_0_5,50.0,42047,1517,228218.515,28150.0,200068.515,5.427700311556116,254536.81199999998,2102350.0,254536.81199999998,26318.296999999962,0.10339682026032437,228218.515,0.0,0.0,423,1094,0.27883981542518127,140,0.0034542314335060447,563,0.21398986092432085,DIAGNOSTICO_CALIBRADORES_NO_COMPARACION_FINAL_TRES_POLITICAS,sensibilidad_ampliada
bmr_raw,50.0,42047,1517,165571.685,38550.0,127021.685,3.937776416866839,254536.81199999998,2102350.0,254536.81199999998,88965.12699999998,0.3495177231967531,228218.515,62646.830000000016,0.27450371412678776,298,1219,0.1964403427818062,473,0.011670367628916852,771,0.5009692939817287,DIAGNOSTICO_CALIBRADORES_NO_COMPARACION_FINAL_TRES_POLITICAS,sensibilidad_ampliada
bmr_platt,50.0,42047,1517,165184.051,36300.0,128884.051,3.928557352486503,254536.81199999998,2102350.0,254536.81199999998,89352.76099999997,0.35104062276068726,228218.515,63034.46400000001,0.27620223538830757,293,1224,0.1931443638760712,433,0.010683444362200839,726,0.49365260770218183,DIAGNOSTICO_CALIBRADORES_NO_COMPARACION_FINAL_TRES_POLITICAS,sensibilidad_ampliada
bmr_isotonic,50.0,42047,1517,164611.37099999998,40000.0,124611.37100000001,3.91493735581611,254536.81199999998,2102350.0,254536.81199999998,89925.44099999999,0.3532905134366183,228218.515,63607.14400000003,0.27871158481598224,306,1211,0.2017139090309822,494,0.012188502343942758,800,0.5104387062096151,DIAGNOSTICO_CALIBRADORES_NO_COMPARACION_FINAL_TRES_POLITICAS,sensibilidad_ampliada
fixed_0_5,100.0,42047,1517,256368.515,56300.0,200068.515,6.097189216828787,254536.81199999998,4204700.0,254536.81199999998,-1831.7030000000377,-0.00719622040367196,256368.515,0.0,0.0,423,1094,0.27883981542518127,140,0.0034542314335060447,563,0.21398986092432085,DIAGNOSTICO_CALIBRADORES_NO_COMPARACION_FINAL_TRES_POLITICAS,sensibilidad_ampliada
bmr_raw,100.0,42047,1517,197962.022,33700.0,164262.022,4.708112873688967,254536.81199999998,4204700.0,254536.81199999998,56574.78999999998,0.22226565012529498,256368.515,58406.49300000002,0.22782241025189853,160,1357,0.1054713249835201,177,0.004367135455218356,337,0.35466300253654476,DIAGNOSTICO_CALIBRADORES_NO_COMPARACION_FINAL_TRES_POLITICAS,sensibilidad_ampliada
bmr_platt,100.0,42047,1517,198291.022,32700.0,165591.022,4.715937450947749,254536.81199999998,4204700.0,254536.81199999998,56245.78999999998,0.2209731062397371,256368.515,58077.49300000002,0.2265391013401159,158,1359,0.1041529334212261,169,0.004169750801875154,327,0.34944175383166187,DIAGNOSTICO_CALIBRADORES_NO_COMPARACION_FINAL_TRES_POLITICAS,sensibilidad_ampliada
bmr_isotonic,100.0,42047,1517,198436.228,34700.0,163736.228,4.719390872119295,254536.81199999998,4204700.0,254536.81199999998,56100.58399999997,0.22040263472774213,256368.515,57932.28700000001,0.2259727057357258,162,1355,0.10678971654581411,185,0.004564520108561559,347,0.35672869195831686,DIAGNOSTICO_CALIBRADORES_NO_COMPARACION_FINAL_TRES_POLITICAS,sensibilidad_ampliada
