grouping,amount_band_index,risk_band_index,amount_band,risk_band,probabilities,rows,frauds,observed_rate,mean_probability,observed_minus_predicted_rate,brier_score,amount_total,fraud_amount_observed,fraud_amount_expected,observed_minus_expected_fraud_amount
amount,0,-1,"[0, 50)",all,probability_raw,13918,513,0.0368587440724242,0.03607545988061771,0.0007832841918064895,0.02299826823051458,449072.83499999996,14055.747,13692.472065709171,363.27493429082784
amount,0,-1,"[0, 50)",all,probability_calibrated,13918,513,0.0368587440724242,0.034624010578930116,0.0022347334934940816,0.023055780638665604,449072.83499999996,14055.747,13065.571320298306,990.1756797016922
amount,1,-1,"[50, 100)",all,probability_raw,11495,355,0.030882992605480643,0.025058516891965487,0.005824475713515156,0.021554851233588787,764891.126,24520.048,19843.11531602994,4676.932683970059
amount,1,-1,"[50, 100)",all,probability_calibrated,11495,355,0.030882992605480643,0.023560292207657884,0.007322700397822759,0.021615693141956202,764891.126,24520.048,18664.248788007793,5855.799211992205
amount,2,-1,"[100, 250)",all,probability_raw,12075,395,0.032712215320910974,0.031199604440962522,0.001512610879948452,0.025273285141591547,1726822.7890000003,61271.06,57391.2707245433,3879.789275456705
amount,2,-1,"[100, 250)",all,probability_calibrated,12075,395,0.032712215320910974,0.029379773670969795,0.0033324416499411792,0.02531363266593663,1726822.7890000003,61271.06,54098.80732234845,7172.252677651546
amount,3,-1,"[250, 500)",all,probability_raw,2742,125,0.045587162654996356,0.04250071337977275,0.003086449275223606,0.03247555400820378,935448.8359999999,43417.257,41155.12652490342,2262.1304750965846
amount,3,-1,"[250, 500)",all,probability_calibrated,2742,125,0.045587162654996356,0.04000832893899451,0.005578833716001846,0.03255104296365685,935448.8359999999,43417.257,38817.038057686135,4600.218942313864
amount,4,-1,"[500, 1000)",all,probability_raw,1209,116,0.09594706368899918,0.06673632395375563,0.029210739735243546,0.06104871561567634,802130.51,88800.31,58076.35439721713,30723.955602782873
amount,4,-1,"[500, 1000)",all,probability_calibrated,1209,116,0.09594706368899918,0.06376946092603922,0.03217760276295996,0.061441899874955554,802130.51,88800.31,55668.022995135005,33132.28700486499
amount,5,-1,"[1000, inf)",all,probability_raw,608,13,0.02138157894736842,0.03990426964370081,-0.018522690696332385,0.02115381571774473,1024803.31,22472.39,36532.35067803405,-14059.960678034047
amount,5,-1,"[1000, inf)",all,probability_calibrated,608,13,0.02138157894736842,0.037430081618599044,-0.016048502671230622,0.02096297594815505,1024803.31,22472.39,34203.45783842889,-11731.067838428888
risk,-1,0,all,"[0, 0.01)",probability_raw,23604,105,0.004448398576512456,0.005794331820650738,-0.0013459332441382822,0.004421528549961676,2565288.0220000003,10519.854,16419.907304467735,-5900.053304467736
risk,-1,0,all,"[0, 0.01)",probability_calibrated,23604,105,0.004448398576512456,0.005070316212373322,-0.0006219176358608662,0.004420328871587733,2565288.0220000003,10519.854,14393.537744732654,-3873.6837447326543
risk,-1,1,all,"[0.01, 0.05)",probability_raw,14381,388,0.026980043112440025,0.022590498825487644,0.004389544286952381,0.026008588436606646,2353000.908,54954.043999999994,55399.86456134116,-445.820561341161
risk,-1,1,all,"[0.01, 0.05)",probability_calibrated,14381,388,0.026980043112440025,0.020401545847769178,0.006578497264670847,0.026043816414107974,2353000.908,54954.043999999994,50086.14515989061,4867.898840109384
risk,-1,2,all,"[0.05, 0.1)",probability_raw,1897,203,0.1070110701107011,0.07434867871321373,0.032662391397487375,0.09617722929286511,352497.656,42923.66499999999,26164.127474493776,16759.53752550622
risk,-1,2,all,"[0.05, 0.1)",probability_calibrated,1897,203,0.1070110701107011,0.06909071527259972,0.03792035483810138,0.09655906816751043,352497.656,42923.66499999999,24313.8472008145,18609.817799185505
risk,-1,3,all,"[0.1, 0.25)",probability_raw,1218,237,0.19458128078817735,0.15920768434729288,0.035373596440884475,0.1554572412670257,263812.392,51259.912000000004,42410.41622621259,8849.495773787401
risk,-1,3,all,"[0.1, 0.25)",probability_calibrated,1218,237,0.19458128078817735,0.15139148286978377,0.043189797918393585,0.15608837599975312,263812.392,51259.912000000004,40336.788947381145,10923.123052618852
risk,-1,4,all,"[0.25, 0.5)",probability_raw,384,161,0.4192708333333333,0.3521850659356763,0.06708576739765704,0.23872442232531307,99482.99799999999,40411.04,34741.010517853974,5670.029482146027
risk,-1,4,all,"[0.25, 0.5)",probability_calibrated,384,161,0.4192708333333333,0.3438146924919125,0.07545614084142083,0.2398498257749496,99482.99799999999,40411.04,33905.182776887086,6505.857223112914
risk,-1,5,all,"[0.5, 1]",probability_raw,563,423,0.7513321492007105,0.8108832208343764,-0.05955107163366591,0.18986615323001954,69087.43,54468.297,51555.36362206775,2912.9333779322506
risk,-1,5,all,"[0.5, 1]",probability_calibrated,563,423,0.7513321492007105,0.8108024537085406,-0.059470304507830196,0.19013228108929836,69087.43,54468.297,51481.64449219858,2986.652507801414
amount_risk,0,0,"[0, 50)","[0, 0.01)",probability_raw,8618,33,0.00382919470874913,0.005541963937329671,-0.001712769228580541,0.0038115181397132838,286323.173,1062.544,1568.852802730801,-506.3088027308009
amount_risk,0,0,"[0, 50)","[0, 0.01)",probability_calibrated,8618,33,0.00382919470874913,0.0048460852360653,-0.0010168905273161702,0.0038095067025226857,286323.173,1062.544,1371.563076980156,-309.0190769801559
amount_risk,0,1,"[0, 50)","[0.01, 0.05)",probability_raw,4160,116,0.027884615384615386,0.021765299085214233,0.006119316299401153,0.026949962697591187,131265.095,3321.9089999999997,2844.1599072336894,477.74909276631104
amount_risk,0,1,"[0, 50)","[0.01, 0.05)",probability_calibrated,4160,116,0.027884615384615386,0.019637934025159676,0.00824668135945571,0.02698757520018329,131265.095,3321.9089999999997,2565.7619946411164,756.1470053588838
amount_risk,0,2,"[0, 50)","[0.05, 0.1)",probability_raw,465,44,0.09462365591397849,0.07320832626153063,0.021415329652447856,0.08529221406384885,14102.971000000001,1273.827,1025.0451982937752,248.78180170622468
amount_risk,0,2,"[0, 50)","[0.05, 0.1)",probability_calibrated,465,44,0.09462365591397849,0.06799795184278512,0.02662570407119337,0.08557233675364237,14102.971000000001,1273.827,951.8806216481323,321.9463783518678
amount_risk,0,3,"[0, 50)","[0.1, 0.25)",probability_raw,261,53,0.20306513409961685,0.15715737338267066,0.04590776071694619,0.15992770116328991,7049.111,1337.52,1097.9796896932646,239.54031030673536
amount_risk,0,3,"[0, 50)","[0.1, 0.25)",probability_calibrated,261,53,0.20306513409961685,0.14939944129200047,0.05366569280761638,0.16073802179402769,7049.111,1337.52,1043.5551144390088,293.9648855609911
amount_risk,0,4,"[0, 50)","[0.25, 0.5)",probability_raw,124,57,0.4596774193548387,0.35769862561456617,0.10197879374027252,0.25986458893361364,3113.753,1491.296,1099.1452116769551,392.1507883230448
amount_risk,0,4,"[0, 50)","[0.25, 0.5)",probability_calibrated,124,57,0.4596774193548387,0.3493840155620181,0.1102934037928206,0.26168527951427023,3113.753,1491.296,1073.0815305274998,418.21446947250024
amount_risk,0,5,"[0, 50)","[0.5, 1]",probability_raw,290,210,0.7241379310344828,0.8426875361080828,-0.11854960507360002,0.21208679486619664,7218.732000000001,5568.651,6057.289256080687,-488.63825608068703
amount_risk,0,5,"[0, 50)","[0.5, 1]",probability_calibrated,290,210,0.7241379310344828,0.8431161772919888,-0.11897824625750608,0.2124102703289325,7218.732000000001,5568.651,6059.7289820623955,-491.0779820623949
amount_risk,1,0,"[50, 100)","[0, 0.01)",probability_raw,7077,35,0.004945598417408506,0.00563387943510398,-0.0006882810176954742,0.0049141080506030456,461493.68900000013,2144.67,2627.6857109993175,-483.01571099931755
amount_risk,1,0,"[50, 100)","[0, 0.01)",probability_calibrated,7077,35,0.004945598417408506,0.004926953645209578,1.8644772198928017e-05,0.0049137340572699625,461493.68900000013,2144.67,2298.3928455790365,-153.72284557903617
amount_risk,1,1,"[50, 100)","[0.01, 0.05)",probability_raw,3614,115,0.03182069728832319,0.02190100725876259,0.009919690029560595,0.030474096699757914,246416.332,7972.0689999999995,5423.900362182976,2548.1686378170243
amount_risk,1,1,"[50, 100)","[0.01, 0.05)",probability_calibrated,3614,115,0.03182069728832319,0.019760960001644467,0.01205973728667872,0.03054497562844297,246416.332,7972.0689999999995,4894.567319286048,3077.5016807139527
amount_risk,1,2,"[50, 100)","[0.05, 0.1)",probability_raw,410,44,0.1073170731707317,0.07401266752219782,0.03330440564853389,0.09737941740905733,29012.944,3249.039,2145.1158813949414,1103.9231186050588
amount_risk,1,2,"[50, 100)","[0.05, 0.1)",probability_calibrated,410,44,0.1073170731707317,0.06876933964208902,0.038547733528642686,0.09772615181213465,29012.944,3249.039,1993.0777013911306,1255.9612986088696
amount_risk,1,3,"[50, 100)","[0.1, 0.25)",probability_raw,237,45,0.189873417721519,0.15884896172878613,0.031024455992732874,0.15404066962206264,17086.495,3263.3230000000003,2710.6721301267517,552.6508698732482
amount_risk,1,3,"[50, 100)","[0.1, 0.25)",probability_calibrated,237,45,0.189873417721519,0.1510429592818339,0.038830458439685106,0.15457578970558766,17086.495,3263.3230000000003,2577.4223521492804,685.9006478507199
amount_risk,1,4,"[50, 100)","[0.25, 0.5)",probability_raw,56,29,0.5178571428571429,0.3588381042437894,0.15901903861335348,0.2467718273218125,4011.034,2025.021,1438.686775243491,586.334224756509
amount_risk,1,4,"[50, 100)","[0.25, 0.5)",probability_calibrated,56,29,0.5178571428571429,0.35059121607389443,0.16726592678324848,0.249135716601576,4011.034,2025.021,1405.6196241858484,619.4013758141518
amount_risk,1,5,"[50, 100)","[0.5, 1]",probability_raw,101,87,0.8613861386138614,0.8013773784779086,0.0600087601359528,0.12485212489996433,6870.632000000001,5865.926000000001,5497.054456082464,368.87154391753677
amount_risk,1,5,"[50, 100)","[0.5, 1]",probability_calibrated,101,87,0.8613861386138614,0.8011453448588799,0.06024079375498148,0.1252927751426375,6870.632000000001,5865.926000000001,5495.168945416453,370.7570545835473
amount_risk,2,0,"[100, 250)","[0, 0.01)",probability_raw,6406,31,0.00483921323758976,0.0059710282284218055,-0.0011318149908320458,0.004800403625516392,872738.1760000001,4501.9400000000005,5300.837778513135,-798.8977785131349
amount_risk,2,0,"[100, 250)","[0, 0.01)",probability_calibrated,6406,31,0.00483921323758976,0.005227150492805399,-0.0003879372552156391,0.004800345002957881,872738.1760000001,4501.9400000000005,4641.97892705747,-140.0389270574699
amount_risk,2,1,"[100, 250)","[0.01, 0.05)",probability_raw,4423,113,0.02554827040470269,0.022919776764170445,0.0026284936405322444,0.02469232863665922,660645.787,17201.796000000002,15271.849999907405,1929.9460000925942
amount_risk,2,1,"[100, 250)","[0.01, 0.05)",probability_calibrated,4423,113,0.02554827040470269,0.020707534686459365,0.004840735718243325,0.024716189088222224,660645.787,17201.796000000002,13800.43865945043,3401.3573405495704
amount_risk,2,2,"[100, 250)","[0.05, 0.1)",probability_raw,612,60,0.09803921568627451,0.07507970155478498,0.022959514131489528,0.08859450000150508,92986.191,10160.179,6970.455761254664,3189.723238745336
amount_risk,2,2,"[100, 250)","[0.05, 0.1)",probability_calibrated,612,60,0.09803921568627451,0.06978941652100516,0.028249799165269346,0.08887234221139959,92986.191,10160.179,6479.049208432341,3681.1297915676596
amount_risk,2,3,"[100, 250)","[0.1, 0.25)",probability_raw,423,82,0.1938534278959811,0.16014582123034954,0.03370760666563155,0.15458788114406524,67476.466,13251.119,10848.52793021389,2402.591069786109
amount_risk,2,3,"[100, 250)","[0.1, 0.25)",probability_calibrated,423,82,0.1938534278959811,0.15231160925515078,0.041541818640830314,0.15520278611845156,67476.466,13251.119,10319.044197505616,2932.0748024943828
amount_risk,2,4,"[100, 250)","[0.25, 0.5)",probability_raw,95,30,0.3157894736842105,0.3485990003535622,-0.03280952666935172,0.2079007482037964,15238.6,4370.823,5309.359649087637,-938.5366490876378
amount_risk,2,4,"[100, 250)","[0.25, 0.5)",probability_calibrated,95,30,0.3157894736842105,0.3401773834749759,-0.024387909790765383,0.20735640967291333,15238.6,4370.823,5180.810412375265,-809.9874123752643
amount_risk,2,5,"[100, 250)","[0.5, 1]",probability_raw,116,79,0.6810344827586207,0.7784765465506192,-0.09744206379199849,0.22283003530598974,17737.569,11785.203000000001,13690.23960556656,-1905.036605566561
amount_risk,2,5,"[100, 250)","[0.5, 1]",probability_calibrated,116,79,0.6810344827586207,0.7778485348787287,-0.09681405212010807,0.22286111322949476,17737.569,11785.203000000001,13677.485917527334,-1892.2829175273332
amount_risk,3,0,"[250, 500)","[0, 0.01)",probability_raw,978,4,0.00408997955010225,0.007180464845022152,-0.0030904852949199023,0.004084017239003323,330209.04399999994,1359.8,2371.8976234657557,-1012.0976234657562
amount_risk,3,0,"[250, 500)","[0, 0.01)",probability_calibrated,978,4,0.00408997955010225,0.006306014409775923,-0.002216034859673673,0.004078743654046923,330209.04399999994,1359.8,2083.0700626772214,-723.2700626772216
amount_risk,3,1,"[250, 500)","[0.01, 0.05)",probability_raw,1281,27,0.02107728337236534,0.024586106124890213,-0.003508822752524874,0.020260240260363,438464.184,8896.490000000002,10788.490311448331,-1892.000311448332
amount_risk,3,1,"[250, 500)","[0.01, 0.05)",probability_calibrated,1281,27,0.02107728337236534,0.022248187085120465,-0.0011709037127551267,0.02026758994446024,438464.184,8896.490000000002,9762.913974853827,-866.4239748538273
amount_risk,3,2,"[250, 500)","[0.05, 0.1)",probability_raw,256,27,0.10546875,0.07511657993018162,0.030352170069818385,0.09477271711500382,87037.75,9119.65,6537.272971611135,2582.3770283888653
amount_risk,3,2,"[250, 500)","[0.05, 0.1)",probability_calibrated,256,27,0.10546875,0.06982624756670364,0.035642502433296364,0.09513223997801112,87037.75,9119.65,6076.773754153351,3042.8762458466495
amount_risk,3,3,"[250, 500)","[0.1, 0.25)",probability_raw,164,30,0.18292682926829268,0.16015163949895195,0.02277518976934073,0.14591223928921693,56078.23,9821.9,8943.895933570415,878.0040664295851
amount_risk,3,3,"[250, 500)","[0.1, 0.25)",probability_calibrated,164,30,0.18292682926829268,0.15229444525207195,0.03063238401622073,0.14637844922928878,56078.23,9821.9,8503.95385502965,1317.9461449703522
amount_risk,3,4,"[250, 500)","[0.25, 0.5)",probability_raw,39,15,0.38461538461538464,0.3440484458055252,0.040566938809859454,0.22592239785008672,13950.111,5399.9,4838.7423233155605,561.1576766844394
amount_risk,3,4,"[250, 500)","[0.25, 0.5)",probability_calibrated,39,15,0.38461538461538464,0.3355403939835841,0.04907499063180054,0.22656576634663472,13950.111,5399.9,4720.38751877188,679.5124812281196
amount_risk,3,5,"[250, 500)","[0.5, 1]",probability_raw,24,22,0.9166666666666666,0.7961273665229479,0.12053930014371872,0.08741817150827395,9709.517,8819.517,7674.827361492216,1144.6896385077835
amount_risk,3,5,"[250, 500)","[0.5, 1]",probability_calibrated,24,22,0.9166666666666666,0.7957393515894607,0.12092731507720589,0.08779924159761088,9709.517,8819.517,7669.938892200209,1149.5781077997913
amount_risk,4,0,"[500, 1000)","[0, 0.01)",probability_raw,302,2,0.006622516556291391,0.007319052197541795,-0.0006965356412504042,0.006562610347985753,199346.31,1450.9,1450.651781999442,0.24821800055815402
amount_risk,4,0,"[500, 1000)","[0, 0.01)",probability_calibrated,302,2,0.006622516556291391,0.006429801144343648,0.00019271541194774283,0.00656338375583772,199346.31,1450.9,1274.222427732057,176.67757226794316
amount_risk,4,1,"[500, 1000)","[0.01, 0.05)",probability_raw,611,13,0.02127659574468085,0.02486046929973286,-0.003583873555052009,0.02062962553510965,398792.76999999996,9130.439999999999,9865.78107826681,-735.3410782668087
amount_risk,4,1,"[500, 1000)","[0.01, 0.05)",probability_calibrated,611,13,0.02127659574468085,0.022504860131912396,-0.0012282643872315452,0.020624281599856877,398792.76999999996,9130.439999999999,8930.090183945618,200.3498160543827
amount_risk,4,2,"[500, 1000)","[0.05, 0.1)",probability_raw,113,26,0.23008849557522124,0.07446571970276072,0.1556227758724605,0.19896335408272897,72560.85999999999,16912.97,5381.9551664901155,11531.014833509884
amount_risk,4,2,"[500, 1000)","[0.05, 0.1)",probability_calibrated,113,26,0.23008849557522124,0.06920711266048901,0.16088138291473222,0.20072188153299828,72560.85999999999,16912.97,5001.36314942456,11911.60685057544
amount_risk,4,3,"[500, 1000)","[0.1, 0.25)",probability_raw,98,22,0.22448979591836735,0.15646307801409642,0.06802671790427092,0.17822923977728447,63821.590000000004,15658.0,10009.257604032531,5648.742395967468
amount_risk,4,3,"[500, 1000)","[0.1, 0.25)",probability_calibrated,98,22,0.22448979591836735,0.14868221309977392,0.07580758281859343,0.17931998663990567,63821.590000000004,15658.0,9512.105863707051,6145.894136292951
amount_risk,4,4,"[500, 1000)","[0.25, 0.5)",probability_raw,54,29,0.5370370370370371,0.34331174691518146,0.19372529012185563,0.26811885342979064,42739.0,25900.0,14880.621779352427,11019.378220647573
amount_risk,4,4,"[500, 1000)","[0.25, 0.5)",probability_calibrated,54,29,0.5370370370370371,0.3348436534370204,0.2021933836000167,0.27133480194318277,42739.0,25900.0,14521.201818038771,11378.798181961229
amount_risk,4,5,"[500, 1000)","[0.5, 1]",probability_raw,31,24,0.7741935483870968,0.6773313822284821,0.09686216615861465,0.15463048572832375,24869.98,19748.0,16488.086987075803,3259.9130129241944
amount_risk,4,5,"[500, 1000)","[0.5, 1]",probability_calibrated,31,24,0.7741935483870968,0.6752319636573857,0.09896158472971106,0.15460220607013891,24869.98,19748.0,16429.03955228695,3318.9604477130483
amount_risk,5,0,"[1000, inf)","[0, 0.01)",probability_raw,223,0,0.0,0.0074194758167832825,-0.0074194758167832825,6.049812212375359e-05,415177.63000000006,0.0,3099.9816067592847,-3099.9816067592847
amount_risk,5,0,"[1000, inf)","[0, 0.01)",probability_calibrated,223,0,0.0,0.006519830807340528,-0.006519830807340528,4.6882163442823196e-05,415177.63000000006,0.0,2724.310404706713,-2724.310404706713
amount_risk,5,1,"[1000, inf)","[0.01, 0.05)",probability_raw,292,4,0.0136986301369863,0.024388211868601302,-0.010689581731615001,0.013739868070256843,477416.74,8431.34,11205.68290230195,-2774.3429023019507
amount_risk,5,1,"[1000, inf)","[0.01, 0.05)",probability_calibrated,292,4,0.0136986301369863,0.022071550449704182,-0.008372920312717882,0.01367926706766569,477416.74,8431.34,10132.373027713578,-1701.033027713579
amount_risk,5,2,"[1000, inf)","[0.05, 0.1)",probability_raw,41,2,0.04878048780487805,0.07461292641918833,-0.025832438614310282,0.046274504815888594,56796.94,2208.0,4104.282495449148,-1896.2824954491482
amount_risk,5,2,"[1000, inf)","[0.05, 0.1)",probability_calibrated,41,2,0.04878048780487805,0.06935521935130586,-0.020574731546427805,0.04605839022858954,56796.94,2208.0,3811.7027657649865,-1603.702765764986
amount_risk,5,3,"[1000, inf)","[0.1, 0.25)",probability_raw,35,5,0.14285714285714285,0.1688499499644552,-0.02599280710731236,0.12318299124699207,52300.5,7928.05,8800.082938575744,-872.0329385757445
amount_risk,5,3,"[1000, inf)","[0.1, 0.25)",probability_calibrated,35,5,0.14285714285714285,0.16084097109552772,-0.017983828238384875,0.1228100921947048,52300.5,7928.05,8380.707564550545,-452.65756455054384
amount_risk,5,4,"[1000, inf)","[0.25, 0.5)",probability_raw,16,1,0.0625,0.3572420720010996,-0.2947420720010996,0.16173650840049308,20430.5,1224.0,7174.454779177904,-5950.454779177904
amount_risk,5,4,"[1000, inf)","[0.25, 0.5)",probability_calibrated,16,1,0.0625,0.3489769878740282,-0.2864769878740282,0.15717219979659358,20430.5,1224.0,7004.08187298782,-5780.08187298782
amount_risk,5,5,"[1000, inf)","[0.5, 1]",probability_raw,1,1,1.0,0.8011435866355896,0.1988564133644104,0.03954387313615726,2681.0,2681.0,2147.8659557700157,533.1340442299843
amount_risk,5,5,"[1000, inf)","[0.5, 1]",probability_calibrated,1,1,1.0,0.802044835026201,0.19795516497379895,0.039186247339803956,2681.0,2681.0,2150.282202705245,530.717797294755
