administrative_cost_ca,margin_band_index,margin_band,near_boundary,rows,frauds,observed_rate,mean_probability,observed_minus_predicted_rate,brier_score,amount_total,fraud_amount_observed,fraud_amount_expected,observed_minus_expected_fraud_amount,population_fraction,amount_le_ca_count,calibrated_block_count,actions_changed,additional_interventions,fewer_interventions,raw_bmr_cost,calibrated_bmr_cost,calibrated_minus_raw_cost,administrative_cost_delta,missed_fraud_amount_delta
1.0,0,"[0, 0.5)",False,18804,120,0.006381620931716656,0.005615874650525064,0.000765746281191592,0.006275257980940889,972500.8769999999,4185.639,4332.75350116397,-147.11450116397043,0.44721383214022403,2,0,0,0,0,4185.639,4185.639,0.0,0.0,0.0
1.0,1,"[0.5, 0.9)",False,6130,77,0.012561174551386623,0.011162004019185294,0.0013991705322013298,0.012178042699981727,527419.4410000001,3937.51,4155.012437002022,-217.50243700202242,0.14578923585511452,0,0,141,0,141,3899.01,3937.51,38.5,-141.0,179.5
1.0,2,"[0.9, 1.1)",True,1803,28,0.01552967276760954,0.014153627312765262,0.001376045454844278,0.014852980939650632,186729.18200000003,1525.963,1795.5703065371627,-269.6073065371628,0.04288058601089257,0,840,953,0,953,1830.995,1527.1,-303.895,-953.0,649.105
1.0,3,"[1.1, 2)",False,4676,107,0.022882805816937555,0.018805691414572657,0.004077114402364898,0.022129611039055825,584189.437,8747.153999999999,6917.570230956362,1829.5837690436379,0.111208885295027,0,4676,0,0,0,4676.0,4676.0,0.0,0.0,0.0
1.0,4,"[2, inf)",False,10634,1185,0.11143501974797819,0.09681799101094724,0.014617028737030954,0.06849720044115575,3432330.4689999996,236140.54599999997,197316.23984624507,38824.30615375494,0.25290746069874187,0,10634,0,0,0,10634.0,10634.0,0.0,0.0,0.0
5.0,0,"[0, 0.5)",False,32849,381,0.011598526591372645,0.009840666183063628,0.0017578604083090168,0.01124264998991445,2498992.277,22496.136,20412.455106915986,2083.680893084012,0.7812447974885247,146,0,0,0,0,22496.136,22496.136,0.0,0.0,0.0
5.0,1,"[0.5, 0.9)",False,2881,135,0.046858729607775075,0.03234897238063238,0.014509757227142692,0.043135008783320224,574133.8250000001,11686.731,9641.630108765952,2045.1008912340485,0.0685185625609437,3,0,25,0,25,11811.731,11686.731,-125.0,-125.0,0.0
5.0,2,"[0.9, 1.1)",True,858,30,0.03496503496503497,0.0397292008695828,-0.004764165904547833,0.03137718622792416,212600.37300000002,3524.9170000000004,4266.396868039118,-741.4798680391182,0.0204057364377958,0,382,416,0,416,4082.036,3636.984,-445.05199999999996,-2080.0,1634.948
5.0,3,"[1.1, 2)",False,1937,156,0.08053691275167785,0.07076529482059586,0.009771617931081986,0.0637926495789997,576798.002,15472.301,14362.860851537858,1109.4401484621421,0.046067495897448095,0,1937,0,0,0,9685.0,9685.0,0.0,0.0,0.0
5.0,4,"[2, inf)",False,3522,815,0.23140261215218627,0.20710603287515456,0.024296579277031716,0.1156271466005222,1840644.929,201356.727,165833.80338664568,35522.92361335432,0.08376340761528765,0,3522,0,0,0,17610.0,17610.0,0.0,0.0,0.0
10.0,0,"[0, 0.5)",False,36206,530,0.014638457714191018,0.011977060496951134,0.0026613972172398834,0.013936724049544663,3189849.742,35909.850999999995,32315.53337740044,3594.3176225995594,0.8610840250196209,663,0,0,0,0,35909.850999999995,35909.850999999995,0.0,0.0,0.0
10.0,1,"[0.5, 0.9)",False,2025,143,0.07061728395061728,0.06406163409442933,0.006555649856187951,0.058585777071222304,566985.962,14019.834,13572.445513419854,447.38848658014456,0.04816039194235023,28,0,5,0,5,14069.834,14019.834,-50.0,-50.0,0.0
10.0,2,"[0.9, 1.1)",True,559,52,0.09302325581395349,0.08159527691744695,0.011427978896506541,0.06641019351564821,213500.83299999998,6644.119000000001,5576.514153722482,1067.6048462775184,0.013294646467048778,3,265,237,0,237,5805.303,5900.4,95.09700000000004,-2370.0,2465.097
10.0,3,"[1.1, 2)",False,1314,188,0.1430745814307458,0.12701767603134648,0.01605690539939933,0.10212282292240098,559784.2789999999,23328.266,19402.158084491406,3926.1079155085927,0.03125074321592504,0,1314,0,0,0,13140.0,13140.0,0.0,0.0,0.0
10.0,4,"[2, inf)",False,1943,604,0.31085949562532167,0.2785186122388446,0.03234088338647706,0.1321495888657974,1173048.59,174634.742,143650.4951928704,30984.246807129595,0.04621019335505506,0,1943,0,0,0,19430.0,19430.0,0.0,0.0,0.0
20.0,0,"[0, 0.5)",False,38525,702,0.018221933809214795,0.015252782953657501,0.0029691508555572937,0.016718228626645727,3862524.477,53180.085,48683.342935258916,4496.7420647410845,0.9162365923847123,2248,0,0,0,0,53180.085,53180.085,0.0,0.0,0.0
20.0,1,"[0.5, 0.9)",False,1394,188,0.13486370157819225,0.11835487409951537,0.01650882747867688,0.09679706014489119,580440.244,22696.368000000002,18673.351160412596,4023.0168395874034,0.03315337598401789,74,0,5,0,5,22796.368000000002,22696.368000000002,-100.0,-100.0,0.0
20.0,2,"[0.9, 1.1)",True,339,52,0.15339233038348082,0.1372796408830694,0.01611268950041142,0.09141769867135292,162763.335,7886.719,6747.971061512604,1138.7479384873961,0.008062406354793446,2,154,123,1,122,6994.254000000001,7105.617,111.36299999999994,-2420.0,2531.363
20.0,3,"[1.1, 2)",False,833,201,0.24129651860744297,0.2099241046337235,0.03137241397371948,0.10585238792175954,494974.21900000004,29649.434,24586.76579027493,5062.668209725068,0.019811163697766785,0,833,0,0,0,16660.0,16660.0,0.0,0.0,0.0
20.0,4,"[2, inf)",False,956,374,0.3912133891213389,0.3588244517492863,0.03238893737205262,0.1601862651638562,602467.131,141124.206,115825.71537444554,25298.490625554456,0.022736461578709538,0,956,0,0,0,19120.0,19120.0,0.0,0.0,0.0
50.0,0,"[0, 0.5)",False,40458,984,0.024321518611893817,0.020672629569190273,0.0036488890427035445,0.020443932092726057,4727681.544,87792.575,78769.71811673287,9022.856883267137,0.9622089566437558,14465,0,0,0,0,87792.575,87792.575,0.0,0.0,0.0
50.0,1,"[0.5, 0.9)",False,763,207,0.2712975098296199,0.22779194300223,0.04350556682738993,0.11706931058562223,455266.376,35462.599,25450.16035333582,10012.438646664179,0.01814636002568554,102,0,0,0,0,35462.599,35462.599,0.0,0.0,0.0
50.0,2,"[0.9, 1.1)",True,177,59,0.3333333333333333,0.2759960991914416,0.057337234141891735,0.13458019506442634,101130.84700000001,15920.315999999999,8775.455372152483,7144.860627847517,0.004209574999405427,8,77,47,1,46,9866.511,9478.877,-387.634,-2250.0,1862.366
50.0,3,"[1.1, 2)",False,322,109,0.3385093167701863,0.32267911593266585,0.01583020083752046,0.14887294253367087,175517.31,26415.532,23447.091775368914,2968.440224631086,0.0076580968915737156,0,322,0,0,0,16100.0,16100.0,0.0,0.0,0.0
50.0,4,"[2, inf)",False,327,158,0.4831804281345566,0.4712795919502887,0.011900836184267904,0.19298561945559575,243573.329,88945.79000000001,78074.72070431452,10871.069295685491,0.007777011439579518,0,327,0,0,0,16350.0,16350.0,0.0,0.0,0.0
100.0,0,"[0, 0.5)",False,41321,1224,0.02962174197139469,0.025135537698754234,0.004486204272640456,0.022467289581215837,5231954.894,128884.051,108970.54041107715,19913.510588922858,0.9827336076295574,26180,0,0,0,0,128884.051,128884.051,0.0,0.0,0.0
100.0,1,"[0.5, 0.9)",False,353,113,0.32011331444759206,0.2949553696508788,0.02515794479671324,0.1488893750482677,203886.52599999998,30635.315,23098.71807173731,7536.596928262694,0.008395367089209694,55,0,0,0,0,30635.315,30635.315,0.0,0.0,0.0
100.0,2,"[0.9, 1.1)",True,89,41,0.4606741573033708,0.45157961602872704,0.009094541274643764,0.16959232594364107,50640.724,10475.843,8881.16974940196,1594.6732505980408,0.002116678954503294,6,43,10,0,10,10042.656,10371.656,329.0,-1000.0,1329.0
100.0,3,"[1.1, 2)",False,149,60,0.40268456375838924,0.46861013419195946,-0.06592557043357022,0.1978943114876113,85730.861,19572.632,21353.59692236552,-1780.9649223655194,0.00354365353057293,0,149,0,0,0,14900.0,14900.0,0.0,0.0,0.0
100.0,4,"[2, inf)",False,135,79,0.5851851851851851,0.47616752976153387,0.10901765542365127,0.19110945607755273,130956.401,64968.971000000005,52213.12116732265,12755.849832677337,0.0032106927961566816,0,135,0,0,0,13500.0,13500.0,0.0,0.0,0.0
