strategy,administrative_cost_ca,rows,frauds,cost_total_proxy,administrative_cost_total,missed_fraud_amount,cost_per_transaction_proxy,approve_all_cost,intervene_all_cost,reference_cost,savings_vs_reference,savings_fraction_vs_reference,fixed_baseline_cost_proxy,savings_vs_fixed_proxy,savings_fraction_vs_fixed_proxy,frauds_blocked,frauds_missed,fraud_recall,legitimate_block_count,legitimate_block_rate,policy_block_count,amount_weighted_recall,expected_cost_common_probabilities,realized_minus_expected_cost,period,interval_start_dt,interval_end_dt,relative_day_start,relative_day_end,time_start_observed,time_end_observed
fixed_0_5,1.0,10888,447,62209.291,175.0,62034.291,5.713564566495224,75779.332,10888.0,10888.0,-51321.291,-4.713564566495224,62209.291,0.0,0.0,131,316,0.2930648769574944,44,0.004214155732209558,175,0.1813824513523028,45539.22201155672,16670.06898844328,1,11293020.0,11636308.5,0.0,3.973246527777778,11293020.0,11636274.0
bmr,1.0,10888,447,6875.434,4337.0,2538.4339999999997,0.6314689566495224,75779.332,10888.0,10888.0,4012.566,0.3685310433504776,62209.291,55333.856999999996,0.8894789847387908,386,61,0.8635346756152126,3951,0.37841202949909014,4337,0.9665022911524213,6742.350687668473,133.08331233152694,1,11293020.0,11636308.5,0.0,3.973246527777778,11293020.0,11636274.0
cost_sensitive_tree,1.0,10888,447,10001.743,4139.0,5862.743,0.9186024063188832,75779.332,10888.0,10888.0,886.2569999999996,0.08139759368111676,62209.291,52207.547999999995,0.8392242888606463,357,90,0.7986577181208053,3782,0.3622258404367398,4139,0.9226340105505286,10761.265584948214,-759.522584948214,1,11293020.0,11636308.5,0.0,3.973246527777778,11293020.0,11636274.0
fixed_0_5,5.0,10888,447,62909.291,875.0,62034.291,5.777855529022777,75779.332,54440.0,54440.0,-8469.290999999997,-0.15557110580455547,62909.291,0.0,0.0,131,316,0.2930648769574944,44,0.004214155732209558,175,0.1813824513523028,46239.22201155672,16670.06898844328,1,11293020.0,11636308.5,0.0,3.973246527777778,11293020.0,11636274.0
bmr,5.0,10888,447,17797.557,8020.0,9777.557,1.6346029573842764,75779.332,54440.0,54440.0,36642.443,0.6730794085231447,62909.291,45111.734,0.7170917567645135,299,148,0.668903803131991,1305,0.12498802796666986,1604,0.8709733017968541,16454.53867172738,1343.0183282726211,1,11293020.0,11636308.5,0.0,3.973246527777778,11293020.0,11636274.0
cost_sensitive_tree,5.0,10888,447,23094.552000000003,8325.0,14769.552,2.1211013960323295,75779.332,54440.0,54440.0,31345.447999999997,0.5757797207935341,62909.291,39814.738999999994,0.6328912370034498,262,185,0.5861297539149888,1403,0.13437410209750025,1665,0.8050978860568473,22015.258162533937,1079.2938374660662,1,11293020.0,11636308.5,0.0,3.973246527777778,11293020.0,11636274.0
fixed_0_5,10.0,10888,447,63784.291,1750.0,62034.291,5.858219232182218,75779.332,108880.0,75779.332,11995.040999999997,0.15828908336114655,63784.291,0.0,0.0,131,316,0.2930648769574944,44,0.004214155732209558,175,0.1813824513523028,47114.22201155672,16670.06898844328,1,11293020.0,11636308.5,0.0,3.973246527777778,11293020.0,11636274.0
bmr,10.0,10888,447,23195.006,9980.0,13215.006000000001,2.130327516531962,75779.332,108880.0,75779.332,52584.325999999994,0.6939138233628135,63784.291,40589.284999999996,0.6363523739724566,255,192,0.5704697986577181,743,0.07116176611435686,998,0.8256120019638074,22696.00115982798,499.0048401720196,1,11293020.0,11636308.5,0.0,3.973246527777778,11293020.0,11636274.0
cost_sensitive_tree,10.0,10888,447,35382.636,10240.0,25142.636,3.2496910360029387,75779.332,108880.0,75779.332,40396.695999999996,0.5330832950599247,63784.291,28401.655,0.4452766434293359,182,265,0.407158836689038,842,0.08064361651182837,1024,0.6682124883338902,30366.745222122954,5015.8907778770445,1,11293020.0,11636308.5,0.0,3.973246527777778,11293020.0,11636274.0
fixed_0_5,20.0,10888,447,65534.291,3500.0,62034.291,6.0189466385011015,75779.332,217760.0,75779.332,10245.040999999997,0.1351957153699903,65534.291,0.0,0.0,131,316,0.2930648769574944,44,0.004214155732209558,175,0.1813824513523028,48864.22201155672,16670.06898844328,1,11293020.0,11636308.5,0.0,3.973246527777778,11293020.0,11636274.0
bmr,20.0,10888,447,31155.912999999997,11220.0,19935.913,2.8614909074210138,75779.332,217760.0,75779.332,44623.418999999994,0.5888600205660298,65534.291,34378.378,0.5245860979864725,191,256,0.4272930648769575,370,0.03543721865721674,561,0.7369214999150429,30135.65697024105,1020.256029758948,1,11293020.0,11636308.5,0.0,3.973246527777778,11293020.0,11636274.0
cost_sensitive_tree,20.0,10888,447,42784.716,13800.0,28984.716,3.9295293901542983,75779.332,217760.0,75779.332,32994.615999999995,0.4354038908656518,65534.291,22749.574999999997,0.3471400186506939,126,321,0.28187919463087246,564,0.05401781438559525,690,0.6175115927387693,37894.155214099446,4890.560785900554,1,11293020.0,11636308.5,0.0,3.973246527777778,11293020.0,11636274.0
fixed_0_5,50.0,10888,447,70784.291,8750.0,62034.291,6.5011288574577515,75779.332,544400.0,75779.332,4995.040999999997,0.06591561139652169,70784.291,0.0,0.0,131,316,0.2930648769574944,44,0.004214155732209558,175,0.1813824513523028,54114.22201155672,16670.06898844328,1,11293020.0,11636308.5,0.0,3.973246527777778,11293020.0,11636274.0
bmr,50.0,10888,447,45695.489,10000.0,35695.489,4.196867101396032,75779.332,544400.0,75779.332,30083.842999999993,0.39699271827838223,70784.291,25088.801999999996,0.35444025285214764,86,361,0.19239373601789708,114,0.010918494397088401,200,0.5289548210849891,39961.39184138657,5734.097158613433,1,11293020.0,11636308.5,0.0,3.973246527777778,11293020.0,11636274.0
cost_sensitive_tree,50.0,10888,447,56334.001,10450.0,45884.001000000004,5.173953067597354,75779.332,544400.0,75779.332,19445.331,0.2566046768530501,70784.291,14450.29,0.20414543673256547,48,399,0.10738255033557047,161,0.01541997892922134,209,0.3945050742859544,47290.587773629035,9043.413226370962,1,11293020.0,11636308.5,0.0,3.973246527777778,11293020.0,11636274.0
fixed_0_5,100.0,10888,447,79534.291,17500.0,62034.291,7.304765889052168,75779.332,1088800.0,75779.332,-3754.9590000000026,-0.04955122855925942,79534.291,0.0,0.0,131,316,0.2930648769574944,44,0.004214155732209558,175,0.1813824513523028,62864.22201155672,16670.06898844328,1,11293020.0,11636308.5,0.0,3.973246527777778,11293020.0,11636274.0
bmr,100.0,10888,447,56023.669,9200.0,46823.668999999994,5.145450863335783,75779.332,1088800.0,75779.332,19755.662999999993,0.260699883181868,79534.291,23510.621999999996,0.29560359065751896,46,401,0.1029082774049217,46,0.004405708265491811,92,0.38210501776394656,46630.17489500562,9393.49410499438,1,11293020.0,11636308.5,0.0,3.973246527777778,11293020.0,11636274.0
cost_sensitive_tree,100.0,10888,447,59569.282,9600.0,49969.28200000001,5.471094966936076,75779.332,1088800.0,75779.332,16210.049999999996,0.21391122846002386,79534.291,19965.009,0.25102391369780364,39,408,0.087248322147651,57,0.005459247198544201,96,0.3405948471543666,50965.127172650886,8604.154827349113,1,11293020.0,11636308.5,0.0,3.973246527777778,11293020.0,11636274.0
fixed_0_5,1.0,10419,335,43592.625,106.0,43486.625,4.183954794126116,61583.477,10419.0,10419.0,-33173.625,-3.183954794126116,43592.625,0.0,0.0,90,245,0.26865671641791045,16,0.0015866719555731853,106,0.2938588868569405,36490.99021141564,7101.634788584357,2,11636308.5,11979597.0,3.973246527777778,7.946493055555556,11636325.0,11979565.0
bmr,1.0,10419,335,6119.822,3856.0,2263.822,0.5873713408196564,61583.477,10419.0,10419.0,4299.178,0.41262865918034364,43592.625,37472.803,0.8596133634989863,279,56,0.8328358208955224,3577,0.35472034906783023,3856,0.9632397826449455,6217.538121598957,-97.71612159895722,2,11636308.5,11979597.0,3.973246527777778,7.946493055555556,11636325.0,11979565.0
cost_sensitive_tree,1.0,10419,335,9817.028,3634.0,6183.028,0.9422236299069009,61583.477,10419.0,10419.0,601.9719999999998,0.057776370093099105,43592.625,33775.597,0.7748007145704119,249,86,0.7432835820895523,3385,0.335680285600952,3634,0.8995992382826971,10488.773857125816,-671.7458571258157,2,11636308.5,11979597.0,3.973246527777778,7.946493055555556,11636325.0,11979565.0
fixed_0_5,5.0,10419,335,44016.625,530.0,43486.625,4.224649678472022,61583.477,52095.0,52095.0,8078.375,0.15507006430559556,44016.625,0.0,0.0,90,245,0.26865671641791045,16,0.0015866719555731853,106,0.2938588868569405,36914.99021141564,7101.634788584357,2,11636308.5,11979597.0,3.973246527777778,7.946493055555556,11636325.0,11979565.0
bmr,5.0,10419,335,14748.123,6610.0,8138.1230000000005,1.4155027353872731,61583.477,52095.0,52095.0,37346.877,0.7168994529225454,44016.625,29268.502,0.6649419849886264,215,120,0.6417910447761194,1107,0.10977786592621976,1322,0.8678521675546186,14508.865410640867,239.2575893591329,2,11636308.5,11979597.0,3.973246527777778,7.946493055555556,11636325.0,11979565.0
cost_sensitive_tree,5.0,10419,335,18723.446,6640.0,12083.446,1.7970482771859104,61583.477,52095.0,52095.0,33371.554000000004,0.6405903445628179,44016.625,25293.179,0.5746278593599577,186,149,0.5552238805970149,1142,0.11324871082903609,1328,0.8037875321654865,19489.0803957379,-765.6343957378995,2,11636308.5,11979597.0,3.973246527777778,7.946493055555556,11636325.0,11979565.0
fixed_0_5,10.0,10419,335,44546.625,1060.0,43486.625,4.275518283904406,61583.477,104190.0,61583.477,17036.852,0.2766464777557136,44546.625,0.0,0.0,90,245,0.26865671641791045,16,0.0015866719555731853,106,0.2938588868569405,37444.99021141564,7101.634788584357,2,11636308.5,11979597.0,3.973246527777778,7.946493055555556,11636325.0,11979565.0
bmr,10.0,10419,335,20985.287000000004,7860.0,13125.287,2.0141363854496594,61583.477,104190.0,61583.477,40598.189999999995,0.6592383538201325,44546.625,23561.337999999996,0.5289140984305769,174,161,0.5194029850746269,612,0.06069020230067434,786,0.7868699911179098,19540.55746024676,1444.7295397532434,2,11636308.5,11979597.0,3.973246527777778,7.946493055555556,11636325.0,11979565.0
cost_sensitive_tree,10.0,10419,335,25664.054,8000.0,17664.054,2.463197427776178,61583.477,104190.0,61583.477,35919.422999999995,0.5832639654302079,44546.625,18882.571,0.423883313270085,140,195,0.417910447761194,660,0.0654502181673939,800,0.7131689397790905,23269.34872796718,2394.705272032821,2,11636308.5,11979597.0,3.973246527777778,7.946493055555556,11636325.0,11979565.0
fixed_0_5,20.0,10419,335,45606.625,2120.0,43486.625,4.377255494769171,61583.477,208380.0,61583.477,15976.851999999999,0.2594340686544866,45606.625,0.0,0.0,90,245,0.26865671641791045,16,0.0015866719555731853,106,0.2938588868569405,38504.99021141564,7101.634788584357,2,11636308.5,11979597.0,3.973246527777778,7.946493055555556,11636325.0,11979565.0
bmr,20.0,10419,335,27924.835,8080.0,19844.835,2.680183798829062,61583.477,208380.0,61583.477,33658.642,0.5465531282035276,45606.625,17681.79,0.3877022252797703,131,204,0.39104477611940297,273,0.027072590241967474,404,0.6777571522958992,25117.506364827772,2807.328635172227,2,11636308.5,11979597.0,3.973246527777778,7.946493055555556,11636325.0,11979565.0
cost_sensitive_tree,20.0,10419,335,30928.773,10200.0,20728.773,2.968497264612727,61583.477,208380.0,61583.477,30654.703999999998,0.49777481709907345,45606.625,14677.851999999999,0.32183596133237224,117,218,0.3492537313432836,393,0.03897262990876636,510,0.6634036593938988,30400.812677139707,527.9603228602937,2,11636308.5,11979597.0,3.973246527777778,7.946493055555556,11636325.0,11979565.0
fixed_0_5,50.0,10419,335,48786.625,5300.0,43486.625,4.682467127363471,61583.477,520950.0,61583.477,12796.851999999999,0.20779684135080578,48786.625,0.0,0.0,90,245,0.26865671641791045,16,0.0015866719555731853,106,0.2938588868569405,41684.99021141564,7101.634788584357,2,11636308.5,11979597.0,3.973246527777778,7.946493055555556,11636325.0,11979565.0
bmr,50.0,10419,335,37009.441,8200.0,28809.441,3.5521106632114403,61583.477,520950.0,61583.477,24574.036,0.3990361895285647,48786.625,11777.184000000001,0.24140190062337785,74,261,0.2208955223880597,90,0.008925029750099168,164,0.5321887882361692,32821.55487246459,4187.886127535407,2,11636308.5,11979597.0,3.973246527777778,7.946493055555556,11636325.0,11979565.0
cost_sensitive_tree,50.0,10419,335,42413.592,8250.0,34163.592000000004,4.07079297437374,61583.477,520950.0,61583.477,19169.885000000002,0.3112829273995037,48786.625,6373.033000000003,0.13063074151983256,45,290,0.13432835820895522,120,0.01190003966679889,165,0.44524743219678875,39332.33802711993,3081.2539728800693,2,11636308.5,11979597.0,3.973246527777778,7.946493055555556,11636325.0,11979565.0
fixed_0_5,100.0,10419,335,54086.625,10600.0,43486.625,5.191153181687302,61583.477,1041900.0,61583.477,7496.851999999999,0.12173479584467106,54086.625,0.0,0.0,90,245,0.26865671641791045,16,0.0015866719555731853,106,0.2938588868569405,46984.99021141564,7101.634788584357,2,11636308.5,11979597.0,3.973246527777778,7.946493055555556,11636325.0,11979565.0
bmr,100.0,10419,335,43823.274000000005,7700.0,36123.274,4.206092139360783,61583.477,1041900.0,61583.477,17760.202999999994,0.2883923393932434,54086.625,10263.350999999995,0.18975765265442235,47,288,0.14029850746268657,30,0.0029750099166997225,77,0.4134258772040429,38257.2733970266,5566.000602973407,2,11636308.5,11979597.0,3.973246527777778,7.946493055555556,11636325.0,11979565.0
cost_sensitive_tree,100.0,10419,335,47695.977,7900.0,39795.977,4.577788367405701,61583.477,1041900.0,61583.477,13887.5,0.2255069164087633,54086.625,6390.648000000001,0.11815579175073321,32,303,0.0955223880597015,47,0.0046608488694962315,79,0.35378807857828487,41969.383352798395,5726.593647201604,2,11636308.5,11979597.0,3.973246527777778,7.946493055555556,11636325.0,11979565.0
fixed_0_5,1.0,10783,402,57760.045,153.0,57607.045,5.356583974775109,70206.314,10783.0,10783.0,-46977.045,-4.356583974775109,57760.045,0.0,0.0,106,296,0.263681592039801,47,0.0045275021674212506,153,0.17946062515117941,45560.2140360314,12199.830963968598,3,11979597.0,12322885.5,7.946493055555556,11.919739583333333,11979613.0,12322856.0
bmr,1.0,10783,402,6254.621999999999,4329.0,1925.6219999999998,0.580044699990726,70206.314,10783.0,10783.0,4528.378000000001,0.41995530000927395,57760.045,51505.422999999995,0.8917136923975735,353,49,0.8781094527363185,3976,0.3830074173971679,4329,0.972571954140763,6716.90021851244,-462.2782185124406,3,11979597.0,12322885.5,7.946493055555556,11.919739583333333,11979613.0,12322856.0
cost_sensitive_tree,1.0,10783,402,13048.965999999999,4058.0,8990.966,1.2101424464434758,70206.314,10783.0,10783.0,-2265.9659999999985,-0.2101424464434758,57760.045,44711.079,0.7740831746235655,322,80,0.8009950248756219,3736,0.3598882573933147,4058,0.8719350797992329,11619.017333509568,1429.9486664904307,3,11979597.0,12322885.5,7.946493055555556,11.919739583333333,11979613.0,12322856.0
fixed_0_5,5.0,10783,402,58372.045,765.0,57607.045,5.413339979597515,70206.314,53915.0,53915.0,-4457.044999999998,-0.08266799591950291,58372.045,0.0,0.0,106,296,0.263681592039801,47,0.0045275021674212506,153,0.17946062515117941,46172.2140360314,12199.830963968598,3,11979597.0,12322885.5,7.946493055555556,11.919739583333333,11979613.0,12322856.0
bmr,5.0,10783,402,17039.805,8040.0,8999.804999999998,1.5802471482889735,70206.314,53915.0,53915.0,36875.195,0.6839505703422053,58372.045,41332.24,0.7080827817493802,260,142,0.6467661691542289,1348,0.12985261535497544,1608,0.8718091794421795,16578.089374836127,461.7156251638735,3,11979597.0,12322885.5,7.946493055555556,11.919739583333333,11979613.0,12322856.0
cost_sensitive_tree,5.0,10783,402,25774.254999999997,8095.0,17679.255000000005,2.3902675507743667,70206.314,53915.0,53915.0,28140.745000000003,0.5219464898451267,58372.045,32597.79,0.558448654659949,229,173,0.5696517412935324,1390,0.13389846835564975,1619,0.7481814100082224,22234.54427900921,3539.710720990788,3,11979597.0,12322885.5,7.946493055555556,11.919739583333333,11979613.0,12322856.0
fixed_0_5,10.0,10783,402,59137.045,1530.0,57607.045,5.484284985625521,70206.314,107830.0,70206.314,11069.269,0.15766771347659703,59137.045,0.0,0.0,106,296,0.263681592039801,47,0.0045275021674212506,153,0.17946062515117941,46937.21403603141,12199.83096396859,3,11979597.0,12322885.5,7.946493055555556,11.919739583333333,11979613.0,12322856.0
bmr,10.0,10783,402,23034.227,9550.0,13484.226999999999,2.13616127237318,70206.314,107830.0,70206.314,47172.087,0.6719066179717113,59137.045,36102.818,0.61049411582875,211,191,0.5248756218905473,744,0.0716693960119449,955,0.8079342692738434,22680.9051280858,353.3218719141987,3,11979597.0,12322885.5,7.946493055555556,11.919739583333333,11979613.0,12322856.0
cost_sensitive_tree,10.0,10783,402,31787.224000000002,9580.0,22207.224000000002,2.9479016971158307,70206.314,107830.0,70206.314,38419.09,0.54723126469793,59137.045,27349.820999999996,0.46248203642911134,156,246,0.3880597014925373,802,0.07725652634620941,958,0.6836862279936815,29400.06809513319,2387.155904866813,3,11979597.0,12322885.5,7.946493055555556,11.919739583333333,11979613.0,12322856.0
fixed_0_5,20.0,10783,402,60667.045,3060.0,57607.045,5.626174997681535,70206.314,215660.0,70206.314,9539.269,0.1358748018020146,60667.045,0.0,0.0,106,296,0.263681592039801,47,0.0045275021674212506,153,0.17946062515117941,48467.21403603141,12199.83096396859,3,11979597.0,12322885.5,7.946493055555556,11.919739583333333,11979613.0,12322856.0
bmr,20.0,10783,402,30327.371000000003,10720.0,19607.371000000003,2.81251701752759,70206.314,215660.0,70206.314,39878.943,0.5680250212252989,60667.045,30339.673999999995,0.5001013977193054,158,244,0.39303482587064675,378,0.03641267700606878,536,0.7207178402785823,29677.910735814825,649.460264185178,3,11979597.0,12322885.5,7.946493055555556,11.919739583333333,11979613.0,12322856.0
cost_sensitive_tree,20.0,10783,402,38917.281,12620.0,26297.281000000003,3.609132987109339,70206.314,215660.0,70206.314,31289.032999999996,0.44567263565496396,60667.045,21749.763999999996,0.3585103576414509,137,265,0.3407960199004975,494,0.047586937674597825,631,0.6254285476374675,38184.5866096878,732.694390312201,3,11979597.0,12322885.5,7.946493055555556,11.919739583333333,11979613.0,12322856.0
fixed_0_5,50.0,10783,402,65257.045,7650.0,57607.045,6.0518450338495775,70206.314,539150.0,70206.314,4949.269,0.07049606677826725,65257.045,0.0,0.0,106,296,0.263681592039801,47,0.0045275021674212506,153,0.17946062515117941,53057.21403603141,12199.83096396859,3,11979597.0,12322885.5,7.946493055555556,11.919739583333333,11979613.0,12322856.0
bmr,50.0,10783,402,45825.861000000004,10950.0,34875.861000000004,4.249824816841325,70206.314,539150.0,70206.314,24380.452999999994,0.3472686658923583,65257.045,19431.183999999994,0.29776377401091325,79,323,0.19651741293532338,140,0.013486176668914362,219,0.5032375435633895,39888.50823377546,5937.352766224547,3,11979597.0,12322885.5,7.946493055555556,11.919739583333333,11979613.0,12322856.0
cost_sensitive_tree,50.0,10783,402,55723.78,11500.0,44223.780000000006,5.167743670592599,70206.314,539150.0,70206.314,14482.534,0.20628534920662545,65257.045,9533.265,0.14608790514495407,38,364,0.0945273631840796,192,0.018495328003082553,230,0.3700882800940098,47465.58190849565,8258.198091504346,3,11979597.0,12322885.5,7.946493055555556,11.919739583333333,11979613.0,12322856.0
fixed_0_5,100.0,10783,402,72907.045,15300.0,57607.045,6.761295094129649,70206.314,1078300.0,70206.314,-2700.7309999999998,-0.03846849159464494,72907.045,0.0,0.0,106,296,0.263681592039801,47,0.0045275021674212506,153,0.17946062515117941,60707.21403603141,12199.83096396859,3,11979597.0,12322885.5,7.946493055555556,11.919739583333333,11979613.0,12322856.0
bmr,100.0,10783,402,56977.072,9000.0,47977.072,5.283972178429009,70206.314,1078300.0,70206.314,13229.241999999998,0.1884337924363897,72907.045,15929.972999999998,0.218497032762746,37,365,0.09203980099502487,53,0.00510548116751758,90,0.3166273905221687,46703.38160771793,10273.690392282071,3,11979597.0,12322885.5,7.946493055555556,11.919739583333333,11979613.0,12322856.0
cost_sensitive_tree,100.0,10783,402,58631.746,8800.0,49831.746,5.437424278957619,70206.314,1078300.0,70206.314,11574.568,0.16486505757872427,72907.045,14275.298999999999,0.19580136597224584,27,375,0.06716417910447761,61,0.005876119834312687,88,0.2902099090403749,51204.44107583126,7427.30492416874,3,11979597.0,12322885.5,7.946493055555556,11.919739583333333,11979613.0,12322856.0
fixed_0_5,1.0,9957,333,37069.554000000004,129.0,36940.554000000004,3.722964145827057,46967.689,9957.0,9957.0,-27112.554000000004,-2.722964145827057,37069.554000000004,0.0,0.0,96,237,0.2882882882882883,33,0.003428927680798005,129,0.21349006547884444,36008.07557070225,1061.4784292977565,4,12322885.5,12666174.0,11.919739583333333,15.892986111111112,12322994.0,12666174.0
bmr,1.0,9957,333,5710.371,3628.0,2082.371,0.5735031636034951,46967.689,9957.0,9957.0,4246.629,0.42649683639650493,37069.554000000004,31359.183000000005,0.8459552278400759,290,43,0.8708708708708709,3338,0.3468412302576891,3628,0.9556637542886132,5875.012246295491,-164.64124629549133,4,12322885.5,12666174.0,11.919739583333333,15.892986111111112,12322994.0,12666174.0
cost_sensitive_tree,1.0,9957,333,11982.953,3539.0,8443.953000000001,1.2034702219544038,46967.689,9957.0,9957.0,-2025.9529999999995,-0.20347022195440378,37069.554000000004,25086.601000000002,0.6767440741261683,248,85,0.7447447447447447,3291,0.3419576059850374,3539,0.8202178310284758,9648.668681259747,2334.2843187402523,4,12322885.5,12666174.0,11.919739583333333,15.892986111111112,12322994.0,12666174.0
fixed_0_5,5.0,9957,333,37585.554000000004,645.0,36940.554000000004,3.7747869840313353,46967.689,49785.0,46967.689,9382.134999999995,0.19975722033076815,37585.554000000004,0.0,0.0,96,237,0.2882882882882883,33,0.003428927680798005,129,0.21349006547884444,36524.07557070225,1061.4784292977565,4,12322885.5,12666174.0,11.919739583333333,15.892986111111112,12322994.0,12666174.0
bmr,5.0,9957,333,15529.366000000002,6535.0,8994.366,1.5596430651802753,46967.689,49785.0,46967.689,31438.322999999997,0.6693606534483738,37585.554000000004,22056.188000000002,0.5868262045572084,213,120,0.6396396396396397,1094,0.11367414796342477,1307,0.8084988597160914,13979.039920196072,1550.32607980393,4,12322885.5,12666174.0,11.919739583333333,15.892986111111112,12322994.0,12666174.0
cost_sensitive_tree,5.0,9957,333,19693.821000000004,6575.0,13118.821,1.9778870141608922,46967.689,49785.0,46967.689,27273.867999999995,0.5806942726094102,37585.554000000004,17891.733,0.47602685329581673,200,133,0.6006006006006006,1115,0.11585619285120533,1315,0.7206841281886363,18999.226940600463,694.5940593995401,4,12322885.5,12666174.0,11.919739583333333,15.892986111111112,12322994.0,12666174.0
fixed_0_5,10.0,9957,333,38230.554000000004,1290.0,36940.554000000004,3.839565531786683,46967.689,99570.0,46967.689,8737.134999999995,0.186024375182692,38230.554000000004,0.0,0.0,96,237,0.2882882882882883,33,0.003428927680798005,129,0.21349006547884444,37169.07557070225,1061.4784292977565,4,12322885.5,12666174.0,11.919739583333333,15.892986111111112,12322994.0,12666174.0
bmr,10.0,9957,333,21185.565000000002,7830.0,13355.564999999999,2.127705634227177,46967.689,99570.0,46967.689,25782.123999999996,0.5489332038457331,38230.554000000004,17044.989,0.4458472927177566,175,158,0.5255255255255256,608,0.06317539484621779,783,0.7156435565735414,18985.879187098377,2199.6858129016255,4,12322885.5,12666174.0,11.919739583333333,15.892986111111112,12322994.0,12666174.0
cost_sensitive_tree,10.0,9957,333,28189.150999999998,8210.0,19979.150999999998,2.8310887817615744,46967.689,99570.0,46967.689,18778.538,0.3998182239709517,38230.554000000004,10041.403000000006,0.2626538710372862,124,209,0.37237237237237236,697,0.07242310889443059,821,0.5746192451580916,23815.387015884917,4373.763984115081,4,12322885.5,12666174.0,11.919739583333333,15.892986111111112,12322994.0,12666174.0
fixed_0_5,20.0,9957,333,39520.554000000004,2580.0,36940.554000000004,3.969122627297379,46967.689,199140.0,46967.689,7447.134999999995,0.15855868488653968,39520.554000000004,0.0,0.0,96,237,0.2882882882882883,33,0.003428927680798005,129,0.21349006547884444,38459.07557070225,1061.4784292977565,4,12322885.5,12666174.0,11.919739583333333,15.892986111111112,12322994.0,12666174.0
bmr,20.0,9957,333,29353.951,8840.0,20513.951,2.9480718087777444,46967.689,199140.0,46967.689,17613.737999999998,0.3750181960198211,39520.554000000004,10166.603000000003,0.2572484940367993,124,209,0.37237237237237236,318,0.033042394014962596,442,0.5632326938632216,24795.577058150542,4558.373941849459,4,12322885.5,12666174.0,11.919739583333333,15.892986111111112,12322994.0,12666174.0
cost_sensitive_tree,20.0,9957,333,32730.493000000002,10380.0,22350.493000000002,3.2871841920257108,46967.689,199140.0,46967.689,14237.195999999996,0.3031274542803244,39520.554000000004,6790.0610000000015,0.1718108759305348,89,244,0.2672672672672673,430,0.04467996674979219,519,0.524130450616806,30939.995327266908,1790.497672733094,4,12322885.5,12666174.0,11.919739583333333,15.892986111111112,12322994.0,12666174.0
fixed_0_5,50.0,9957,333,43390.554000000004,6450.0,36940.554000000004,4.357793913829467,46967.689,497850.0,46967.689,3577.1349999999948,0.07616161399808274,43390.554000000004,0.0,0.0,96,237,0.2882882882882883,33,0.003428927680798005,129,0.21349006547884444,42329.07557070225,1061.4784292977565,4,12322885.5,12666174.0,11.919739583333333,15.892986111111112,12322994.0,12666174.0
bmr,50.0,9957,333,36653.26,7150.0,29503.260000000002,3.681154966355328,46967.689,497850.0,46967.689,10314.428999999996,0.21960690891135815,43390.554000000004,6737.294000000002,0.15527098363390335,54,279,0.16216216216216217,89,0.0092477140482128,143,0.3718392233435204,32599.085463450527,4054.1745365494753,4,12322885.5,12666174.0,11.919739583333333,15.892986111111112,12322994.0,12666174.0
cost_sensitive_tree,50.0,9957,333,41678.895000000004,9700.0,31978.895,4.185888821934318,46967.689,497850.0,46967.689,5288.793999999994,0.11260494422027012,43390.554000000004,1711.6589999999997,0.039447733255491446,39,294,0.11711711711711711,155,0.016105569409808812,194,0.3191299022611055,38985.507335930066,2693.387664069938,4,12322885.5,12666174.0,11.919739583333333,15.892986111111112,12322994.0,12666174.0
fixed_0_5,100.0,9957,333,49840.554000000004,12900.0,36940.554000000004,5.005579391382947,46967.689,995700.0,46967.689,-2872.8650000000052,-0.061166837482678815,49840.554000000004,0.0,0.0,96,237,0.2882882882882883,33,0.003428927680798005,129,0.21349006547884444,48779.07557070225,1061.4784292977565,4,12322885.5,12666174.0,11.919739583333333,15.892986111111112,12322994.0,12666174.0
bmr,100.0,9957,333,41467.007,6800.0,34667.007000000005,4.164608516621472,46967.689,995700.0,46967.689,5500.682000000001,0.11711630095319359,49840.554000000004,8373.547000000006,0.16800669992552664,28,305,0.08408408408408409,40,0.004156275976724855,68,0.2618966839096554,37551.59571783994,3915.4112821600575,4,12322885.5,12666174.0,11.919739583333333,15.892986111111112,12322994.0,12666174.0
cost_sensitive_tree,100.0,9957,333,39775.411,7000.0,32775.411,3.994718389073014,46967.689,995700.0,46967.689,7192.277999999998,0.1531324651719611,49840.554000000004,10065.143000000004,0.20194685235641652,26,307,0.07807807807807808,44,0.00457190357439734,70,0.3021710946859659,41718.72666973197,-1943.3156697319719,4,12322885.5,12666174.0,11.919739583333333,15.892986111111112,12322994.0,12666174.0
