probabilities,bin,rows,frauds,observed_rate,mean_probability,min_probability,max_probability
raw,0,4205,7,0.0016646848989298453,0.0022296833305057097,0.0006123771308921278,0.0029882011003792286
raw,1,4205,10,0.0023781212841854932,0.0036437284680333666,0.0029884185642004013,0.004287992138415575
raw,2,4204,14,0.003330161750713606,0.005028628663104081,0.004288721363991499,0.005809619557112455
raw,3,4205,11,0.002615933412604043,0.00664803811197261,0.005810324568301439,0.007544041145592928
raw,4,4205,33,0.007847800237812128,0.00857201453993777,0.00754427770152688,0.009669805876910686
raw,5,4204,52,0.012369172216936251,0.01101327608104664,0.009669864550232887,0.012585251592099667
raw,6,4205,69,0.016409036860879904,0.014593251882282648,0.012586774304509163,0.01699211820960045
raw,7,4204,84,0.019980970504281638,0.02066691642845108,0.016993552446365356,0.02547351084649563
raw,8,4205,200,0.04756242568370987,0.0355922110600222,0.025474686175584793,0.0522201769053936
raw,9,4205,1037,0.24661117717003567,0.22219080135810956,0.0522339828312397,0.9945502877235413
calibrated,0,4205,7,0.0016646848989298453,0.0019060629569140992,0.0005085078173921272,0.0025695360153011426
calibrated,1,4205,10,0.0023781212841854932,0.003147476669179819,0.002569727167906775,0.0037170375760278503
calibrated,2,4204,14,0.003330161750713606,0.004375044212493903,0.003717683855406298,0.005070538903301952
calibrated,3,4205,11,0.002615933412604043,0.005820398387474406,0.005071168107211526,0.006623388575958903
calibrated,4,4205,33,0.007847800237812128,0.007548327951075014,0.006623600987696622,0.008538033700102697
calibrated,5,4204,52,0.012369172216936251,0.009754149392906053,0.008538086696029332,0.01118011516102867
calibrated,6,4205,69,0.016409036860879904,0.013010076572811927,0.011181499320463705,0.015201600691718919
calibrated,7,4204,84,0.019980970504281638,0.01857893714826554,0.015202914158451297,0.023011832014909285
calibrated,8,4205,200,0.04756242568370987,0.03243992088855105,0.02301291965054099,0.04803712863544642
calibrated,9,4205,1037,0.24661117717003567,0.21663568648779627,0.04805016282765621,0.9950110160488833
